patient_id,age,gender,baseline_lvef,baseline_bnp,history_mi,hypertension,prescribed_beta_blocker,prescribed_ace_inhibitor
PT-001,48,0,59.1,415.5,0,0,0,1
PT-002,76,1,47.7,510.9,0,1,0,0
PT-003,71,0,51.9,537.5,0,0,0,0
PT-004,62,1,50.2,266.5,0,0,0,1
PT-005,62,0,55.7,329.5,0,1,1,0
PT-006,80,0,65.0,536.6,0,0,0,0
PT-007,48,1,53.0,433.7,1,1,1,1
PT-008,73,1,59.1,388.8,0,0,0,0
PT-009,53,0,29.4,841.3,0,1,1,1
PT-010,48,1,51.5,205.4,0,0,0,1
PT-011,66,0,42.7,370.7,0,0,1,1
PT-012,85,1,38.6,1182.5,1,1,1,1
PT-013,75,1,42.3,289.7,1,0,0,1
PT-014,76,0,48.3,331.7,1,0,1,1
PT-015,74,1,62.1,304.8,1,0,1,1
PT-016,77,0,37.4,744.5,0,0,1,1
PT-017,66,0,52.3,301.1,0,0,0,0
PT-018,50,0,46.7,428.4,0,1,0,1
PT-019,79,0,48.4,450.8,0,1,1,1
PT-020,63,1,63.0,400.8,0,1,1,0
PT-021,65,0,57.9,661.2,0,0,0,0
PT-022,60,0,65.0,719.3,1,1,1,1
PT-023,52,1,50.3,266.2,1,1,1,1
PT-024,82,0,44.3,907.1,0,1,1,1
PT-025,77,1,49.5,493.2,0,0,1,1
PT-026,71,0,54.7,326.1,1,1,1,1
PT-027,61,1,53.9,269.8,0,0,0,1
PT-028,78,1,40.1,336.9,0,1,0,0
PT-029,67,1,53.0,289.7,1,0,1,0
PT-030,63,0,54.5,313.3,0,1,0,1
PT-031,63,0,65.0,548.5,0,1,1,1
PT-032,54,1,65.0,876.8,0,0,1,1
PT-033,48,0,42.6,102.5,1,0,1,1
PT-034,67,1,48.8,473.3,0,1,1,1
PT-035,81,0,35.9,839.5,1,1,1,0
PT-036,47,1,45.5,332.1,0,0,0,0
PT-037,80,1,55.5,480.7,0,0,1,0
PT-038,78,0,65.0,320.1,0,1,0,1
PT-039,56,0,44.0,532.2,0,1,1,0
PT-040,70,1,44.8,340.6,1,0,0,1
PT-041,51,0,28.4,646.4,0,0,1,1
PT-042,76,1,50.2,347.3,1,0,1,0
PT-043,73,0,40.3,359.5,1,0,1,0
PT-044,59,1,46.2,417.2,1,1,1,1
PT-045,47,1,42.4,208.1,0,0,0,0
PT-046,84,0,51.0,595.3,0,0,0,1
PT-047,63,1,32.7,884.5,0,0,1,0
PT-048,81,0,35.9,1334.2,1,1,1,1
PT-049,72,1,65.0,387.2,0,1,0,1
PT-050,76,0,37.8,771.1,1,0,0,0
PT-051,76,0,39.9,1191.0,0,1,1,1
PT-052,52,0,65.0,228.7,0,0,0,0
PT-053,59,0,65.0,622.8,0,1,0,1
PT-054,64,0,39.1,897.2,0,0,0,1
PT-055,65,1,47.9,360.7,0,0,1,0
PT-056,46,0,55.8,295.6,0,1,0,1
PT-057,67,1,65.0,1132.5,0,1,0,1
PT-058,51,0,41.1,1099.3,1,0,1,0
PT-059,75,0,49.3,473.2,0,0,1,0
PT-060,73,1,60.6,473.7,1,1,1,1
PT-061,82,1,56.8,792.3,1,0,0,0
PT-062,75,0,47.9,357.4,1,0,0,0
PT-063,60,0,50.5,404.2,0,1,0,1
PT-064,84,1,36.9,979.2,0,1,0,0
PT-065,61,1,49.4,408.2,0,1,0,0
PT-066,58,1,49.1,222.5,0,1,0,1
PT-067,82,0,54.6,363.2,0,1,0,1
PT-068,60,0,45.9,166.8,0,1,0,1
PT-069,48,1,57.2,119.8,0,0,0,0
PT-070,64,1,63.1,309.0,0,1,1,1
PT-071,77,0,53.7,433.7,0,0,0,0
PT-072,52,0,55.9,1002.6,0,1,1,1
PT-073,63,0,52.6,651.5,0,1,1,1
PT-074,50,1,52.0,147.6,0,0,0,0
PT-075,73,0,44.1,511.4,0,0,1,1
PT-076,64,0,55.5,315.2,0,1,1,1
PT-077,58,0,50.9,282.9,0,1,0,1
PT-078,54,1,65.0,326.4,0,1,0,0
PT-079,68,0,65.0,536.3,0,1,1,1
PT-080,72,0,56.2,387.7,0,1,1,1
PT-081,83,0,43.6,795.7,1,1,1,1
PT-082,62,0,39.8,680.0,1,1,0,0
PT-083,51,1,65.0,270.5,0,1,0,1
PT-084,79,0,54.9,1800.0,0,0,1,0
PT-085,70,0,57.3,461.7,0,0,0,0
PT-086,73,1,32.8,1322.7,0,1,1,1
PT-087,48,0,62.2,261.1,0,1,0,1
PT-088,57,1,57.0,438.3,0,1,0,1
PT-089,76,1,39.8,910.2,0,1,1,0
PT-090,79,0,46.8,466.8,0,0,1,0
PT-091,62,1,54.9,259.4,0,0,0,0
PT-092,77,0,52.6,561.7,0,0,0,0
PT-093,79,1,48.8,388.9,0,0,0,1
PT-094,60,0,50.9,484.7,0,0,0,1
PT-095,81,1,49.2,787.7,1,0,1,0
PT-096,56,1,53.7,379.5,0,1,1,1
PT-097,54,1,65.0,250.6,1,1,0,1
PT-098,72,0,25.0,977.2,0,1,1,0
PT-099,71,0,49.4,383.7,0,0,0,0
PT-100,50,0,53.9,486.6,0,1,0,1
PT-101,79,0,55.3,328.1,0,0,1,0
PT-102,53,1,47.9,236.1,1,0,0,1
PT-103,78,0,32.7,763.7,0,1,1,0
PT-104,45,1,55.6,72.1,1,1,1,1
PT-105,77,1,65.0,871.8,1,1,1,0
PT-106,77,0,35.1,1139.3,1,1,1,1
PT-107,76,0,61.5,377.1,1,0,1,0
PT-108,72,1,48.4,287.7,0,0,0,1
PT-109,64,0,51.3,176.0,0,0,0,1
PT-110,73,0,40.4,371.3,1,1,0,0
PT-111,56,1,48.3,1448.1,1,1,1,1
PT-112,77,1,65.0,562.8,1,1,1,1
PT-113,67,0,58.4,321.5,0,0,0,0
PT-114,63,0,65.0,457.8,1,0,0,0
PT-115,65,0,65.0,228.7,0,1,1,0
PT-116,68,1,56.8,361.2,1,0,1,1
PT-117,46,1,65.0,246.6,0,1,0,1
PT-118,50,1,56.8,247.6,0,0,1,0
PT-119,55,1,61.1,480.7,0,1,0,1
PT-120,49,1,48.7,318.7,1,1,1,1
PT-121,63,0,52.7,509.5,1,0,0,0
PT-122,72,0,44.3,348.1,0,1,0,1
PT-123,71,1,62.9,642.1,1,1,0,1
PT-124,64,1,39.0,1353.2,0,1,1,0
PT-125,80,1,60.6,387.0,0,1,1,1
PT-126,68,0,49.9,297.8,0,0,0,0
PT-127,48,0,64.9,627.0,0,0,0,0
PT-128,76,0,60.3,439.8,0,0,0,0
PT-129,68,0,65.0,818.5,0,1,0,1
PT-130,71,1,60.0,366.9,0,1,1,0
PT-131,68,1,34.7,1293.4,1,1,0,0
PT-132,67,0,51.3,420.4,1,1,1,1
PT-133,48,0,39.1,742.7,0,1,1,1
PT-134,67,1,46.3,891.9,0,0,0,0
PT-135,77,0,65.0,424.8,0,0,1,1
PT-136,57,1,59.0,205.3,0,0,1,0
PT-137,69,1,44.3,350.2,0,1,1,1
PT-138,46,0,40.8,318.8,1,1,1,1
PT-139,59,0,52.4,180.4,0,1,0,1
PT-140,62,1,38.6,943.1,0,1,1,1
PT-141,85,1,44.6,467.8,1,1,1,1
PT-142,53,0,55.4,587.7,1,1,0,1
PT-143,56,1,64.7,124.8,0,1,1,1
PT-144,61,1,58.7,250.7,0,0,1,0
PT-145,85,1,26.8,832.5,1,1,0,1
PT-146,79,0,55.3,391.1,1,0,0,1
PT-147,46,1,52.8,274.6,1,1,1,1
PT-148,54,1,56.6,265.6,1,0,0,1
PT-149,78,0,65.0,447.1,0,1,1,1
PT-150,47,0,29.3,662.5,1,1,1,1
PT-151,80,1,45.5,537.9,0,1,0,0
PT-152,56,0,58.5,191.9,0,1,1,1
PT-153,82,0,34.6,1122.2,0,0,0,0
PT-154,57,0,65.0,459.9,1,1,1,0
PT-155,62,1,56.1,431.5,0,0,0,1
PT-156,72,1,61.3,552.1,0,1,0,1
PT-157,50,0,45.7,316.5,1,1,1,0
PT-158,67,1,61.0,1194.7,0,1,1,1
PT-159,65,0,63.8,367.4,0,1,1,1
PT-160,77,1,54.6,431.9,0,0,0,0
PT-161,85,1,54.6,445.8,0,0,1,1
PT-162,72,1,55.0,318.1,0,0,1,0
PT-163,61,0,42.5,215.1,0,1,1,0
PT-164,61,1,50.4,241.7,0,1,1,0
PT-165,62,0,50.3,346.0,0,0,0,1
PT-166,78,1,56.2,548.5,0,1,0,0
PT-167,58,0,63.0,334.1,0,1,0,1
PT-168,51,0,40.4,172.7,0,1,1,0
PT-169,58,0,50.6,538.9,0,0,0,1
PT-170,45,1,65.0,385.5,0,0,0,0
PT-171,49,0,43.8,228.4,0,0,1,0
PT-172,48,1,43.0,159.7,1,0,0,1
PT-173,76,0,54.2,582.1,1,1,0,1
PT-174,74,0,61.3,486.9,1,0,0,0
PT-175,73,1,52.1,298.7,0,1,1,1
PT-176,63,0,65.0,354.4,1,0,1,0
PT-177,74,1,61.4,501.5,0,1,0,0
PT-178,51,1,61.3,160.8,0,0,1,0
PT-179,81,0,58.1,543.3,0,1,0,1
PT-180,65,0,65.0,234.4,0,1,0,1
PT-181,83,0,49.7,907.1,0,1,0,1
PT-182,51,1,30.0,1062.5,0,1,0,0
PT-183,65,1,65.0,343.2,0,1,0,1
PT-184,73,0,47.0,514.8,1,0,1,1
PT-185,65,0,53.2,196.3,1,1,1,1
PT-186,63,0,65.0,237.0,0,0,0,0
PT-187,51,0,34.4,675.6,1,1,1,1
PT-188,60,1,38.2,669.1,0,0,1,0
PT-189,54,1,34.4,900.3,0,1,1,0
PT-190,57,0,43.3,1086.3,1,0,0,0
PT-191,73,1,56.8,315.6,1,0,0,0
PT-192,70,0,57.8,318.1,0,1,0,0
PT-193,69,0,55.0,456.2,0,0,0,0
PT-194,59,1,36.5,1303.2,1,1,1,1
PT-195,84,1,26.6,850.5,0,1,1,0
PT-196,48,1,52.6,290.9,0,0,1,0
PT-197,59,0,46.8,979.8,0,0,0,0
PT-198,49,0,57.1,96.1,0,1,0,0
PT-199,58,0,59.7,188.7,0,1,1,0
PT-200,84,0,53.5,473.1,1,0,1,0
